KEY,BK_AC_TYPE_ID,ICAO_TYPE_CODE,AC_CATEGORY,EQV_TYPE,EQV_NAME,ICAO_ENGINE_DESC,CO2_COEFF,MASS,BAND_FROM_NM,BAND_TO_NM,BAND_FLOOR_NM,FUEL_TOT,FUEL_TOT_MARG_RATE,CORR_FACTOR,CALC_RETURN_CODE,TINV,S,N,X_BAR,SXX,E,ERROR_TYPE,MASS_RATIO,ERROR_RATE_FUEL_PER_NM,AO_FUEL_VERSION_ID,CREA_DATE,CREA_NOTE,VALID_FROM,VALID_TO
A1----,495,A1,"Jet <43,3T",REG AVG_FUEL_PER_NM,"Jet <43,3T",P,3.1,11363,0,999999,0,316.0509494,1.415394377,1.159,,,,,,,,,,,5.1,,,,
A10----,988,A10,"Jet <43,3T",REG AVG_FUEL_PER_NM,"Jet <43,3T",J,3.15,20480,0,999999,0,429.7886839,2.224488946,1.159,,,,,,,,,,,5.1,,,,
A124----,989,A124,Heavy Jet,AO SAMPLE,A124,J,3.15,392794.1038,0,999999,0,7623.043005,26.6459001,1.159,,,,,,,,,,,5.1,,,,
A139----,3,A139,Turbo Prop,REG AVG_FUEL_PER_NM,Turbo Prop,T,3.15,6585.648278,0,999999,0,97.80387777,1.113912224,1.159,,,,,,,,,,,5.1,,,,
A140----,497,A140,Turbo Prop,REG AVG_FUEL_PER_NM,Turbo Prop,T,3.15,21227.56864,0,999999,0,183.5298808,2.337724869,1.159,,,,,,,,,,,5.1,,,,
A148----,2132,A148,"Jet <43,3T",REG AVG_FUEL_PER_NM,"Jet <43,3T",J,3.15,42219.31778,0,999999,0,700.9942068,4.153759971,1.159,,,,,,,,,,,5.1,,,,
A149----,3380,A149,Turbo Prop,REG AVG_FUEL_PER_NM,Turbo Prop,T,3.15,8000,0,999999,0,106.0846713,1.232127695,1.159,,,,,,,,,,,5.1,,,,
A158----,3381,A158,"Jet <43,3T",REG AVG_FUEL_PER_NM,"Jet <43,3T",J,3.15,42903.04709,0,999999,0,709.5239669,4.214438009,1.159,,,,,,,,,,,5.1,,,,
A178----,3469,A178,Jet <90T,REG AVG_FUEL_PER_NM,Jet <90T,J,3.15,44687.60355,0,999999,0,735.2458074,4.832433273,1.159,,,,,,,,,,,5.1,,,,
A189----,3404,A189,Turbo Prop,REG AVG_FUEL_PER_NM,Turbo Prop,T,3.15,8400.657012,0,999999,0,108.4304514,1.265615729,1.159,,,,,,,,,,,5.1,,,,
A19N----,3480,A19N,Jet <90T,AO EQV,A20N,J,3.15,76213.14071,0,999999,0,625.9682806,4.5479268,1.014669158,,,,,,,,,,,5.1,,,,
A20N----,3446,A20N,Jet <90T,AO SAMPLE,A20N,J,3.15,75111.32088,0,999999,0,625.9682806,4.5479268,1.159,,,,,,,,,,,5.1,,,,
A21N----,3470,A21N,Heavy Jet,AO SAMPLE,A21N,J,3.15,91585.63008,0,999999,0,648.6171326,5.497124,1.159,,,,,,,,,,,5.1,,,,
A225----,5,A225,Heavy Jet,REG AVG_FUEL_PER_NM,Heavy Jet,J,3.15,614520.895,0,999999,0,4204.875344,31.35063007,1.159,,,,,,,,,,,5.1,,,,
A3----,500,A3,"Jet <43,3T",REG AVG_FUEL_PER_NM,"Jet <43,3T",J,3.15,36980,0,999999,0,635.6319018,3.688793035,1.159,,,,,,,,,,,5.1,,,,
A306----,993,A306,Heavy Jet,AO SAMPLE,A306,J,3.15,163598.0292,0,999999,0,1292.552328,12.48317616,1.159,,,,,,,,,,,5.1,,,,
A30B----,1486,A30B,Heavy Jet,AO EQV,A306,J,3.15,161706.7613,0,999999,0,1292.552328,12.48317616,0.988439544,,,,,,,,,,,5.1,,,,
A310----,7,A310,Heavy Jet,AO SAMPLE,A310,J,3.15,155429.4942,0,999999,0,1029.627235,10.52051204,1.159,,,,,,,,,,,5.1,,,,
A318----,501,A318,Jet <90T,AO SAMPLE,A318,J,3.15,61433.97914,0,999999,0,988.512535,4.886898805,1.159,,,,,,,,,,,5.1,,,,
A319----,994,A319,Jet <90T,AO SAMPLE,A319,J,3.15,66990.59196,0,999999,0,858.8540181,5.202820391,1.159,,,,,,,,,,,5.1,,,,
A320----,1487,A320,Jet <90T,AO SAMPLE,A320,J,3.15,74097.89659,0,999999,0,916.8623399,5.48427902,1.159,,,,,,,,,,,5.1,,,,
A321----,8,A321,Jet <90T,AO SAMPLE,A321,J,3.15,86728.42676,0,999999,0,964.988404,6.512336308,1.159,,,,,,,,,,,5.1,,,,
A332----,502,A332,Heavy Jet,AO SAMPLE,A332,J,3.15,231104.9993,0,999999,0,1327.322979,11.965527,1.159,,,,,,,,,,,5.1,,,,
A333----,995,A333,Heavy Jet,AO SAMPLE,A333,J,3.15,231363.4312,0,999999,0,1328.580147,12.404404,1.159,,,,,,,,,,,5.1,,,,
A337----,3493,A337,Heavy Jet,REG AVG_FUEL_PER_NM,Heavy Jet,J,3.15,226845,0,999999,0,1436.297019,12.83365234,1.159,,,,,,,,,,,5.1,,,,
A338----,3492,A338,Heavy Jet,AO EQV,A332,J,3.15,248999.6392,0,999999,0,1327.322979,11.965527,1.077430778,,,,,,,,,,,5.1,,,,
A339----,3481,A339,Heavy Jet,AO EQV,A333,J,3.15,242000,0,999999,0,1328.580147,12.404404,1.045973422,,,,,,,,,,,5.1,,,,
A342----,1488,A342,Heavy Jet,AO EQV,A343,J,3.15,258012.1384,0,999999,0,1511.761014,14.387942,0.95908401,,,,,,,,,,,5.1,,,,
A343----,9,A343,Heavy Jet,AO SAMPLE,A343,J,3.15,269019.3307,0,999999,0,1511.761014,14.387942,1.159,,,,,,,,,,,5.1,,,,
A345----,503,A345,Heavy Jet,AO EQV,A346,J,3.15,371200.3036,0,999999,0,1997.958468,17.908854,1.006057296,,,,,,,,,,,5.1,,,,
A346----,996,A346,Heavy Jet,AO SAMPLE,A346,J,3.15,368965.3712,0,999999,0,1997.958468,17.908854,1.159,,,,,,,,,,,5.1,,,,
A359----,3388,A359,Heavy Jet,AO SAMPLE,A359,J,3.15,273495.1723,0,999999,0,1414.713394,12.64717394,1.159,,,,,,,,,,,5.1,,,,
A35K----,3444,A35K,Heavy Jet,AO EQV,A359,J,3.15,309630.1134,0,999999,0,1414.713394,12.64717394,1.132122775,,,,,,,,,,,5.1,,,,
A388----,2009,A388,Heavy Jet,AO SAMPLE,A388,J,3.15,550355.0384,0,999999,0,2880.346542,26.742364,1.159,,,,,,,,,,,5.1,,,,
A3ST----,10,A3ST,Heavy Jet,AO EQV,A306,J,3.15,154866.3543,0,999999,0,1292.552328,12.48317616,0.946627261,,,,,,,,,,,5.1,,,,
A4----,504,A4,"Jet <43,3T",REG AVG_FUEL_PER_NM,"Jet <43,3T",J,3.15,11045,0,999999,0,312.0837892,1.387173244,1.159,,,,,,,,,,,5.1,,,,
A400----,3376,A400,Turbo Prop,REG AVG_FUEL_PER_NM,Turbo Prop,T,3.15,138379.7918,0,999999,0,869.4366192,12.12963525,1.159,,,,,,,,,,,5.1,,,,
A50----,997,A50,Heavy Jet,REG AVG_FUEL_PER_NM,Heavy Jet,J,3.15,169280,0,999999,0,1025.19792,10.08411378,1.159,,,,,,,,,,,5.1,,,,
A6----,505,A6,"Jet <43,3T",REG AVG_FUEL_PER_NM,"Jet <43,3T",J,3.15,26654.3598,0,999999,0,506.815962,2.772436842,1.159,,,,,,,,,,,5.1,,,,
A660----,998,A660,Turbo Prop,REG AVG_FUEL_PER_NM,Turbo Prop,T,3.15,5784.359796,0,999999,0,93.11246728,1.046938292,1.159,,,,,,,,,,,5.1,,,,
A743----,2122,A743,"Jet <43,3T",REG AVG_FUEL_PER_NM,"Jet <43,3T",J,3.15,37845,0,999999,0,646.4230766,3.765558067,1.159,,,,,,,,,,,5.1,,,,
A748----,12,A748,Turbo Prop,REG AVG_FUEL_PER_NM,Turbo Prop,T,3.15,20346.80436,0,999999,0,178.3731528,2.264108127,1.159,,,,,,,,,,,5.1,,,,
AJ27----,3483,AJ27,"Jet <43,3T",REG AVG_FUEL_PER_NM,"Jet <43,3T",J,3.15,43245,0,999999,0,713.7899479,4.24478486,1.159,,,,,,,,,,,5.1,,,,
AJET----,22,AJET,"Jet <43,3T",REG AVG_FUEL_PER_NM,"Jet <43,3T",J,3.15,7153.32838,0,999999,0,263.5338371,1.041804113,1.159,,,,,,,,,,,5.1,,,,
ALIZ----,517,ALIZ,Turbo Prop,REG AVG_FUEL_PER_NM,Turbo Prop,T,3.15,8000,0,999999,0,106.0846713,1.232127695,1.159,,,,,,,,,,,5.1,,,,
AMX----,1011,AMX,"Jet <43,3T",REG AVG_FUEL_PER_NM,"Jet <43,3T",J,3.15,12733.79634,0,999999,0,333.1521088,1.537046662,1.159,,,,,,,,,,,5.1,,,,
AN12----,1504,AN12,Turbo Prop,REG AVG_FUEL_PER_NM,Turbo Prop,T,3.15,61046.83404,0,999999,0,416.6650422,5.66593041,1.159,,,,,,,,,,,5.1,,,,
AN22----,519,AN22,Turbo Prop,REG AVG_FUEL_PER_NM,Turbo Prop,T,3.15,242283.9542,0,999999,0,1477.77817,20.81423568,1.159,,,,,,,,,,,5.1,,,,
AN24----,1012,AN24,Turbo Prop,REG AVG_FUEL_PER_NM,Turbo Prop,T,3.15,21854.67771,0,999999,0,187.2014999,2.390140398,1.159,,,,,,,,,,,5.1,,,,
AN26----,1505,AN26,Turbo Prop,ANCAT WITH NEW MODEL,ANCAT,T,3.15,23799.81677,0,999999,0,183.3213032,3.099362628,1.159,,,,,,,,,,,5.1,,,,
AN28----,26,AN28,Turbo Prop,REG AVG_FUEL_PER_NM,Turbo Prop,T,3.15,6610.367105,0,999999,0,97.94860239,1.115978292,1.159,,,,,,,,,,,5.1,,,,
AN3----,520,AN3,Turbo Prop,REG AVG_FUEL_PER_NM,Turbo Prop,T,3.15,5780,0,999999,0,93.0869414,1.046573888,1.159,,,,,,,,,,,5.1,,,,
AN30----,1013,AN30,Turbo Prop,REG AVG_FUEL_PER_NM,Turbo Prop,T,3.15,23127.96739,0,999999,0,194.6563987,2.496565509,1.159,,,,,,,,,,,5.1,,,,
AN32----,1506,AN32,Turbo Prop,REG AVG_FUEL_PER_NM,Turbo Prop,T,3.15,26816.84867,0,999999,0,216.2541837,2.804892521,1.159,,,,,,,,,,,5.1,,,,
AN70----,521,AN70,Turbo Prop,REG AVG_FUEL_PER_NM,Turbo Prop,T,3.15,129605,0,999999,0,818.0616759,11.39621362,1.159,,,,,,,,,,,5.1,,,,
AN72----,1014,AN72,"Jet <43,3T",REG AVG_FUEL_PER_NM,"Jet <43,3T",J,3.15,35423.294,0,999999,0,616.211455,3.550642067,1.159,,,,,,,,,,,5.1,,,,
ARVA----,525,ARVA,Turbo Prop,REG AVG_FUEL_PER_NM,Turbo Prop,T,3.15,6845,0,999999,0,99.32233888,1.135589566,1.159,,,,,,,,,,,5.1,,,,
AS32----,34,AS32,Turbo Prop,REG AVG_FUEL_PER_NM,Turbo Prop,T,3.15,8667.076411,0,999999,0,109.9902925,1.287883807,1.159,,,,,,,,,,,5.1,,,,
AS3B----,3328,AS3B,Turbo Prop,REG AVG_FUEL_PER_NM,Turbo Prop,T,3.15,9198.605081,0,999999,0,113.1023043,1.332310459,1.159,,,,,,,,,,,5.1,,,,
ASTR----,529,ASTR,"Jet <43,3T",AO SAMPLE,ASTR,J,3.15,10997.8937,0,999999,0,330.2501016,1.395089933,1.159,,,,,,,,,,,5.1,,,,
AT43----,530,AT43,Turbo Prop,AO SAMPLE,AT43,T,3.15,16815.69433,0,999999,0,178.1605573,1.736785394,1.159,,,,,,,,,,,5.1,,,,
AT44----,1023,AT44,Turbo Prop,REG AVG_FUEL_PER_NM,Turbo Prop,T,3.15,17999.77756,0,999999,0,164.6317021,2.067937064,1.159,,,,,,,,,,,5.1,,,,
AT45----,1516,AT45,Turbo Prop,AO SAMPLE,AT45,T,3.15,18604.99376,0,999999,0,173.2700864,2.152638418,1.159,,,,,,,,,,,5.1,,,,
AT46----,3379,AT46,Turbo Prop,AO SAMPLE,AT46,T,3.15,18605,0,999999,0,160.6179303,2.327372034,1.159,,,,,,,,,,,5.1,,,,
AT6T----,1024,AT6T,Turbo Prop,REG AVG_FUEL_PER_NM,Turbo Prop,T,3.15,5780,0,999999,0,93.0869414,1.046573888,1.159,,,,,,,,,,,5.1,,,,
AT72----,1517,AT72,Turbo Prop,AO SAMPLE,AT72,T,3.15,22075.62839,0,999999,0,147.2001525,2.354098465,1.159,,,,,,,,,,,5.1,,,,
AT73----,3377,AT73,Turbo Prop,AO EQV,AT72,T,3.15,21839.31513,0,999999,0,147.2001525,2.354098465,0.989295287,,,,,,,,,,,5.1,,,,
AT75----,3371,AT75,Turbo Prop,AO SAMPLE,AT75,T,3.15,22869.04371,0,999999,0,138.9310713,2.555211898,1.159,,,,,,,,,,,5.1,,,,
AT76----,3372,AT76,Turbo Prop,AO SAMPLE,AT76,T,3.15,23119.98896,0,999999,0,181.881981,2.456939689,1.159,,,,,,,,,,,5.1,,,,
AT8T----,38,AT8T,Turbo Prop,REG AVG_FUEL_PER_NM,Turbo Prop,T,3.15,7216.159995,0,999999,0,101.4954188,1.166612156,1.159,,,,,,,,,,,5.1,,,,
ATLA----,39,ATLA,Turbo Prop,REG AVG_FUEL_PER_NM,Turbo Prop,T,3.15,43810.55826,0,999999,0,315.7495207,4.225274286,1.159,,,,,,,,,,,5.1,,,,
ATP----,533,ATP,Turbo Prop,AO SAMPLE,ATP,T,3.15,23527.65185,0,999999,0,164.7550721,2.671115228,1.159,,,,,,,,,,,5.1,,,,
B1----,44,B1,Heavy Jet,REG AVG_FUEL_PER_NM,Heavy Jet,J,3.15,216320,0,999999,0,1361.132978,12.33093553,1.159,,,,,,,,,,,5.1,,,,
B17----,1525,B17,"Jet <43,3T",REG AVG_FUEL_PER_NM,"Jet <43,3T",P,3.1,26645,0,999999,0,506.6991953,2.771606201,1.159,,,,,,,,,,,5.1,,,,
B190----,1033,B190,Turbo Prop,AO SAMPLE,B190,T,3.15,7606.607507,0,999999,0,58.09931099,1.308105084,1.159,,,,,,,,,,,5.1,,,,
B2----,1526,B2,Heavy Jet,REG AVG_FUEL_PER_NM,Heavy Jet,J,3.15,171125,0,999999,0,1038.373944,10.17223849,1.159,,,,,,,,,,,5.1,,,,
B214----,1034,B214,Turbo Prop,REG AVG_FUEL_PER_NM,Turbo Prop,T,3.15,6501,0,999999,0,97.30827622,1.106837084,1.159,,,,,,,,,,,5.1,,,,
B24----,1035,B24,"Jet <43,3T",REG AVG_FUEL_PER_NM,"Jet <43,3T",P,3.1,29257,0,999999,0,539.2848005,3.003409975,1.159,,,,,,,,,,,5.1,,,,
B25----,1528,B25,"Jet <43,3T",REG AVG_FUEL_PER_NM,"Jet <43,3T",P,3.1,12488.3748,0,999999,0,330.09039,1.515266554,1.159,,,,,,,,,,,5.1,,,,
B26----,49,B26,"Jet <43,3T",REG AVG_FUEL_PER_NM,"Jet <43,3T",P,3.1,15636.95266,0,999999,0,369.36999,1.794689308,1.159,,,,,,,,,,,5.1,,,,
B350----,50,B350,Turbo Prop,ANCAT WITH NEW MODEL,ANCAT,T,3.15,6875.574332,0,999999,0,68.56732489,1.229050216,1.159,,,,,,,,,,,5.1,,,,
B37M----,3494,B37M,Jet <90T,AO EQV,B38M,J,3.15,80645,0,999999,0,599.7583004,4.844527467,0.988592868,,,,,,,,,,,5.1,,,,
B38M----,3482,B38M,Jet <90T,AO SAMPLE,B38M,J,3.15,81575.543,0,999999,0,599.7583004,4.844527467,1.159,,,,,,,,,,,5.1,,,,
B39M----,3489,B39M,Jet <90T,AO EQV,B38M,J,3.15,88445,0,999999,0,599.7583004,4.844527467,1.084209761,,,,,,,,,,,5.1,,,,
B461----,1038,B461,"Jet <43,3T",AO EQV,B462,J,3.15,37106.36163,0,999999,0,661.375118,5.288686177,0.89251766,,,,,,,,,,,5.1,,,,
B462----,1531,B462,"Jet <43,3T",AO SAMPLE,B462,J,3.15,41574.93266,0,999999,0,661.375118,5.288686177,1.159,,,,,,,,,,,5.1,,,,
B463----,52,B463,Jet <90T,AO SAMPLE,B463,J,3.15,43627.50164,0,999999,0,687.8095365,5.565192763,1.159,,,,,,,,,,,5.1,,,,
B52----,53,B52,Heavy Jet,REG AVG_FUEL_PER_NM,Heavy Jet,J,3.15,220500,0,999999,0,1390.98435,12.53058933,1.159,,,,,,,,,,,5.1,,,,
B609----,1040,B609,Turbo Prop,REG AVG_FUEL_PER_NM,Turbo Prop,T,3.15,7605,0,999999,0,103.7720122,1.199112491,1.159,,,,,,,,,,,5.1,,,,
B701----,1533,B701,Heavy Jet,REG AVG_FUEL_PER_NM,Heavy Jet,J,3.15,117045,0,999999,0,652.1628903,7.589157699,1.159,,,,,,,,,,,5.1,,,,
B703----,54,B703,Heavy Jet,REG AVG_FUEL_PER_NM,Heavy Jet,J,3.15,147520.0253,0,999999,0,869.7995697,9.044768873,1.159,,,,,,,,,,,5.1,,,,
B712----,548,B712,Jet <90T,AO EQV,MD87,J,3.15,51300.54683,0,999999,0,895.6705053,6.295897546,0.830754772,,,,,,,,,,,5.1,,,,
B720----,1041,B720,Heavy Jet,REG AVG_FUEL_PER_NM,Heavy Jet,J,3.15,99405,0,999999,0,526.1872435,6.746599544,1.159,,,,,,,,,,,5.1,,,,
B721----,1534,B721,Jet <90T,ANCAT WITH NEW MODEL,ANCAT,J,3.15,77390.2636,0,999999,0,1176.412102,7.572450877,1.159,,,,,,,,,,,5.1,,,,
B722----,55,B722,Jet <90T,ANCAT WITH NEW MODEL,ANCAT,J,3.15,86849.01695,0,999999,0,1271.156626,8.080600562,1.159,,,,,,,,,,,5.1,,,,
B732----,1042,B732,Jet <90T,AO SAMPLE,B732,J,3.15,53598.22488,0,999999,0,1041.230428,6.39141718,1.159,,,,,,,,,,,5.1,,,,
B733----,1535,B733,Jet <90T,AO SAMPLE,B733,J,3.15,60139.42682,0,999999,0,802.791899,5.882286029,1.159,,,,,,,,,,,5.1,,,,
B734----,56,B734,Jet <90T,AO SAMPLE,B734,J,3.15,65539.1186,0,999999,0,746.7297111,6.2187042,1.159,,,,,,,,,,,5.1,,,,
B735----,550,B735,Jet <90T,AO SAMPLE,B735,J,3.15,55186.68669,0,999999,0,805.6095928,5.535193195,1.159,,,,,,,,,,,5.1,,,,
B736----,1043,B736,Jet <90T,AO SAMPLE,B736,J,3.15,59911.80962,0,999999,0,709.4247872,4.891659191,1.159,,,,,,,,,,,5.1,,,,
B737----,1536,B737,Jet <90T,AO SAMPLE,B737,J,3.15,65601.1024,0,999999,0,771.3408247,5.168373878,1.159,,,,,,,,,,,5.1,,,,
B738----,57,B738,Jet <90T,AO SAMPLE,B738,J,3.15,74931.74586,0,999999,0,956.2120516,5.516087073,1.159,,,,,,,,,,,5.1,,,,
B739----,551,B739,Jet <90T,AO SAMPLE,B739,J,3.15,81211.01337,0,999999,0,886.9765159,5.993966108,1.159,,,,,,,,,,,5.1,,,,
B741----,1044,B741,Heavy Jet,AO EQV,B742,J,3.15,336653.9169,0,999999,0,2024.003497,26.063685,0.899376173,,,,,,,,,,,5.1,,,,
B742----,1537,B742,Heavy Jet,AO SAMPLE,B742,J,3.15,374319.3639,0,999999,0,2024.003497,26.063685,1.159,,,,,,,,,,,5.1,,,,
B743----,58,B743,Heavy Jet,AO EQV,B744,J,3.15,373401.4529,0,999999,0,2112.239394,21.787826,0.951443741,,,,,,,,,,,5.1,,,,
B744----,552,B744,Heavy Jet,AO SAMPLE,B744,J,3.15,392457.7322,0,999999,0,2112.239394,21.787826,1.159,,,,,,,,,,,5.1,,,,
B748----,3378,B748,Heavy Jet,AO SAMPLE,B748,J,3.15,444697.0687,0,999999,0,2366.362841,20.996606,1.159,,,,,,,,,,,5.1,,,,
B74R----,1538,B74R,Heavy Jet,AO EQV,B744,J,3.15,332937,0,999999,0,2112.239394,21.787826,0.84833849,,,,,,,,,,,5.1,,,,
B74S----,59,B74S,Heavy Jet,AO EQV,B744,J,3.15,300949.4511,0,999999,0,2112.239394,21.787826,0.766832773,,,,,,,,,,,5.1,,,,
B752----,553,B752,Heavy Jet,AO SAMPLE,B752,J,3.15,107059.5094,0,999999,0,576.1643917,8.095481264,1.159,,,,,,,,,,,5.1,,,,
B753----,1046,B753,Heavy Jet,AO EQV,B752,J,3.15,118668.8638,0,999999,0,576.1643917,8.095481264,1.10843833,,,,,,,,,,,5.1,,,,
B762----,1539,B762,Heavy Jet,AO SAMPLE,B762,J,3.15,155994.2732,0,999999,0,891.7716232,10.10263023,1.159,,,,,,,,,,,5.1,,,,
B763----,60,B763,Heavy Jet,AO SAMPLE,B763,J,3.15,181286.3181,0,999999,0,1084.97505,10.720129,1.159,,,,,,,,,,,5.1,,,,
B764----,554,B764,Heavy Jet,AO SAMPLE,B764,J,3.15,204020,0,999999,0,1195.565306,11.802737,1.159,,,,,,,,,,,5.1,,,,
B772----,1047,B772,Heavy Jet,AO SAMPLE,B772,J,3.15,282939.457,0,999999,0,1579.476853,14.515711,1.159,,,,,,,,,,,5.1,,,,
B773----,1540,B773,Heavy Jet,AO EQV,B77W,J,3.15,322462.6999,0,999999,0,1889.631155,17.390959,0.930099815,,,,,,,,,,,5.1,,,,
B77L----,3239,B77L,Heavy Jet,AO SAMPLE,B77L,J,3.15,347338.9043,0,999999,0,1892.754368,16.815047,1.159,,,,,,,,,,,5.1,,,,
B77W----,3240,B77W,Heavy Jet,AO SAMPLE,B77W,J,3.15,346696.8754,0,999999,0,1889.631155,17.390959,1.159,,,,,,,,,,,5.1,,,,
B788----,3289,B788,Heavy Jet,AO SAMPLE,B788,J,3.15,226781.4167,0,999999,0,1166.939913,10.39922441,1.159,,,,,,,,,,,5.1,,,,
B789----,3272,B789,Heavy Jet,AO SAMPLE,B789,J,3.15,251012.6274,0,999999,0,1424.165615,11.281732,1.159,,,,,,,,,,,5.1,,,,
B78X----,3471,B78X,Heavy Jet,AO EQV,B789,J,3.15,252859.605,0,999999,0,1424.165615,11.281732,1.007358106,,,,,,,,,,,5.1,,,,
BA11----,61,BA11,"Jet <43,3T",ANCAT WITH NEW MODEL,ANCAT,J,3.15,42785.76833,0,999999,0,728.0971036,4.861124815,1.159,,,,,,,,,,,5.1,,,,
BCS1----,3422,BCS1,Jet <90T,REG AVG_FUEL_PER_NM,Jet <90T,J,3.15,58752.18649,0,999999,0,780.2817151,5.290454377,1.159,,,,,,,,,,,5.1,,,,
BCS3----,3435,BCS3,Jet <90T,REG AVG_FUEL_PER_NM,Jet <90T,J,3.15,66100.76884,0,999999,0,803.8124574,5.52976512,1.159,,,,,,,,,,,5.1,,,,
BE12----,559,BE12,Turbo Prop,REG AVG_FUEL_PER_NM,Turbo Prop,T,3.15,28880,0,999999,0,228.3335908,2.977336478,1.159,,,,,,,,,,,5.1,,,,
BE20----,560,BE20,Turbo Prop,ANCAT WITH NEW MODEL,ANCAT,T,3.15,5785.53545,0,999999,0,59.73875732,1.036767786,1.159,,,,,,,,,,,5.1,,,,
BE30----,67,BE30,Turbo Prop,REG AVG_FUEL_PER_NM,Turbo Prop,T,3.15,6338.413204,0,999999,0,96.35635763,1.093247625,1.159,,,,,,,,,,,5.1,,,,
BE32----,561,BE32,Turbo Prop,REG AVG_FUEL_PER_NM,Turbo Prop,T,3.15,5860,0,999999,0,93.55532807,1.053260511,1.159,,,,,,,,,,,5.1,,,,
BE40----,562,BE40,"Jet <43,3T",AO SAMPLE,BE40,J,3.15,7223.461152,0,999999,0,251.110747,1.146243173,1.159,,,,,,,,,,,5.1,,,,
BE4W----,3506,BE4W,"Jet <43,3T",REG AVG_FUEL_PER_NM,"Jet <43,3T",J,3.15,7220,0,999999,0,264.3655887,1.047720933,1.159,,,,,,,,,,,5.1,,,,
BELF----,1059,BELF,Turbo Prop,REG AVG_FUEL_PER_NM,Turbo Prop,T,3.15,105125,0,999999,0,674.7353565,9.35010677,1.159,,,,,,,,,,,5.1,,,,
BER2----,1552,BER2,"Jet <43,3T",REG AVG_FUEL_PER_NM,"Jet <43,3T",J,3.15,41389.83472,0,999999,0,690.6461182,4.080146914,1.159,,,,,,,,,,,5.1,,,,
BLCF----,3330,BLCF,Heavy Jet,REG AVG_FUEL_PER_NM,Heavy Jet,J,3.15,385035.8393,0,999999,0,2566.013193,20.38949032,1.159,,,,,,,,,,,5.1,,,,
BSTP----,1066,BSTP,Turbo Prop,REG AVG_FUEL_PER_NM,Turbo Prop,T,3.15,7484.447087,0,999999,0,103.066195,1.189036341,1.159,,,,,,,,,,,5.1,,,,
C119----,578,C119,"Jet <43,3T",REG AVG_FUEL_PER_NM,"Jet <43,3T",P,3.1,9070,0,999999,0,287.4449798,1.211900482,1.159,,,,,,,,,,,5.1,,,,
C123----,1564,C123,"Jet <43,3T",REG AVG_FUEL_PER_NM,"Jet <43,3T",P,3.1,27215,0,999999,0,513.8101428,2.822191251,1.159,,,,,,,,,,,5.1,,,,
C125----,85,C125,"Jet <43,3T",REG AVG_FUEL_PER_NM,"Jet <43,3T",P,3.1,18552,0,999999,0,405.7362157,2.053387232,1.159,,,,,,,,,,,5.1,,,,
C130----,579,C130,Turbo Prop,ANCAT WITH NEW MODEL,ANCAT,T,3.15,75137.78865,0,999999,0,429.7907273,7.356056659,1.159,,,,,,,,,,,5.1,,,,
C135----,1565,C135,Heavy Jet,REG AVG_FUEL_PER_NM,Heavy Jet,J,3.15,137362.0836,0,999999,0,797.2568672,8.559584259,1.159,,,,,,,,,,,5.1,,,,
C141----,580,C141,Heavy Jet,REG AVG_FUEL_PER_NM,Heavy Jet,J,3.15,144500,0,999999,0,848.2321298,8.900520181,1.159,,,,,,,,,,,5.1,,,,
C15----,1566,C15,Heavy Jet,REG AVG_FUEL_PER_NM,Heavy Jet,J,3.15,98284,0,999999,0,518.1816482,6.693056024,1.159,,,,,,,,,,,5.1,,,,
C160----,1074,C160,Turbo Prop,REG AVG_FUEL_PER_NM,Turbo Prop,T,3.15,50148.79543,0,999999,0,352.8588427,4.755041871,1.159,,,,,,,,,,,5.1,,,,
C17----,1567,C17,Heavy Jet,REG AVG_FUEL_PER_NM,Heavy Jet,J,3.15,262328.7494,0,999999,0,1689.703385,14.52850056,1.159,,,,,,,,,,,5.1,,,,
C2----,1077,C2,Turbo Prop,REG AVG_FUEL_PER_NM,Turbo Prop,T,3.15,25205,0,999999,0,206.8170784,2.670169703,1.159,,,,,,,,,,,5.1,,,,
C212----,92,C212,Turbo Prop,REG AVG_FUEL_PER_NM,Turbo Prop,T,3.15,7005.525777,0,999999,0,100.2621905,1.149006759,1.159,,,,,,,,,,,5.1,,,,
C25B----,1975,C25B,"Jet <43,3T",AO SAMPLE,C25B,J,3.15,6134.635227,0,999999,0,255.021045,0.956807156,1.159,,,,,,,,,,,5.1,,,,
C25C----,3310,C25C,"Jet <43,3T",AO EQV,C550,J,3.15,7605,0,999999,0,245.8787101,1.154454978,1.145724233,,,,,,,,,,,5.1,,,,
C27J----,587,C27J,Turbo Prop,REG AVG_FUEL_PER_NM,Turbo Prop,T,3.15,31352.82843,0,999999,0,242.8115891,3.184022393,1.159,,,,,,,,,,,5.1,,,,
C295----,1080,C295,Turbo Prop,REG AVG_FUEL_PER_NM,Turbo Prop,T,3.15,21851.22304,0,999999,0,187.1812734,2.389851647,1.159,,,,,,,,,,,5.1,,,,
C30J----,94,C30J,Turbo Prop,REG AVG_FUEL_PER_NM,Turbo Prop,T,3.15,72314.39347,0,999999,0,482.6347245,6.607704533,1.159,,,,,,,,,,,5.1,,,,
C46----,1577,C46,"Jet <43,3T",REG AVG_FUEL_PER_NM,"Jet <43,3T",P,3.1,25400,0,999999,0,491.1673889,2.661117801,1.159,,,,,,,,,,,5.1,,,,
C5----,98,C5,Heavy Jet,REG AVG_FUEL_PER_NM,Heavy Jet,J,3.15,330367.6071,0,999999,0,2175.601293,17.77831317,1.159,,,,,,,,,,,5.1,,,,
C550----,593,C550,"Jet <43,3T",AO SAMPLE,C550,J,3.15,6637.72292,0,999999,0,245.8787101,1.154454978,1.159,,,,,,,,,,,5.1,,,,
C551----,1086,C551,"Jet <43,3T",REG AVG_FUEL_PER_NM,"Jet <43,3T",J,3.15,5779.839771,0,999999,0,246.3990908,0.919912902,1.159,,,,,,,,,,,5.1,,,,
C55B----,3408,C55B,"Jet <43,3T",AO EQV,C550,J,3.15,6818.818662,0,999999,0,245.8787101,1.154454978,1.027282811,,,,,,,,,,,5.1,,,,
C560----,1579,C560,"Jet <43,3T",AO SAMPLE,C560,J,3.15,7340.581043,0,999999,0,242.5794591,1.298154324,1.159,,,,,,,,,,,5.1,,,,
C56X----,100,C56X,"Jet <43,3T",AO SAMPLE,C56X,J,3.15,9242.088978,0,999999,0,332.802608,1.307186342,1.159,,,,,,,,,,,5.1,,,,
C5M----,3498,C5M,Heavy Jet,REG AVG_FUEL_PER_NM,Heavy Jet,J,3.15,348480,0,999999,0,2304.950523,18.64343473,1.159,,,,,,,,,,,5.1,,,,
C650----,594,C650,"Jet <43,3T",AO SAMPLE,C650,J,3.15,10147.35951,0,999999,0,338.094087,1.571502018,1.159,,,,,,,,,,,5.1,,,,
C680----,1087,C680,"Jet <43,3T",AO SAMPLE,C680,J,3.15,13582.59085,0,999999,0,276.229828,1.736277552,1.159,,,,,,,,,,,5.1,,,,
C68A----,3436,C68A,"Jet <43,3T",AO SAMPLE,C68A,J,3.15,14045,0,999999,0,437.7602155,1.665645063,1.159,,,,,,,,,,,5.1,,,,
C700----,3472,C700,"Jet <43,3T",REG AVG_FUEL_PER_NM,"Jet <43,3T",J,3.15,17405,0,999999,0,391.4269932,1.951595911,1.159,,,,,,,,,,,5.1,,,,
C750----,101,C750,"Jet <43,3T",REG AVG_FUEL_PER_NM,"Jet <43,3T",J,3.15,16245.76596,0,999999,0,376.9651468,1.848718872,1.159,,,,,,,,,,,5.1,,,,
C97----,102,C97,Jet <90T,REG AVG_FUEL_PER_NM,Jet <90T,P,3.1,79545,0,999999,0,846.8619495,5.967584117,1.159,,,,,,,,,,,5.1,,,,
CAT----,1586,CAT,"Jet <43,3T",REG AVG_FUEL_PER_NM,"Jet <43,3T",P,3.1,12162.68423,0,999999,0,326.0272873,1.486362916,1.159,,,,,,,,,,,5.1,,,,
CL2P----,117,CL2P,"Jet <43,3T",REG AVG_FUEL_PER_NM,"Jet <43,3T",P,3.1,17577.0595,0,999999,0,393.5734952,1.966865453,1.159,,,,,,,,,,,5.1,,,,
CL2T----,611,CL2T,Turbo Prop,REG AVG_FUEL_PER_NM,Turbo Prop,T,3.15,19757.38452,0,999999,0,174.9221979,2.214842769,1.159,,,,,,,,,,,5.1,,,,
CL30----,1976,CL30,"Jet <43,3T",AO SAMPLE,CL30,J,3.15,17455.80221,0,999999,0,414.6190488,1.872954153,1.159,,,,,,,,,,,5.1,,,,
CL35----,3409,CL35,"Jet <43,3T",AO SAMPLE,CL35,J,3.15,18603.49528,0,999999,0,455.9739086,1.721008173,1.159,,,,,,,,,,,5.1,,,,
CL60----,612,CL60,"Jet <43,3T",AO SAMPLE,CL60,J,3.15,21443.7057,0,999999,0,347.0309376,2.231227698,1.159,,,,,,,,,,,5.1,,,,
CN35----,1107,CN35,Turbo Prop,REG AVG_FUEL_PER_NM,Turbo Prop,T,3.15,16116.35739,0,999999,0,153.604591,1.91051554,1.159,,,,,,,,,,,5.1,,,,
CNBR----,1600,CNBR,"Jet <43,3T",REG AVG_FUEL_PER_NM,"Jet <43,3T",J,3.15,24500,0,999999,0,479.939577,2.581246669,1.159,,,,,,,,,,,5.1,,,,
CONI----,123,CONI,Jet <90T,REG AVG_FUEL_PER_NM,Jet <90T,P,3.1,50481.152,0,999999,0,753.7972081,5.021103457,1.159,,,,,,,,,,,5.1,,,,
CRJ1----,130,CRJ1,"Jet <43,3T",AO SAMPLE,CRJ1,J,3.15,22136.55833,0,999999,0,423.0969582,2.619299159,1.159,,,,,,,,,,,5.1,,,,
CRJ2----,624,CRJ2,"Jet <43,3T",AO SAMPLE,CRJ2,J,3.15,23535.44328,0,999999,0,449.626096,2.588697834,1.159,,,,,,,,,,,5.1,,,,
CRJ7----,1117,CRJ7,"Jet <43,3T",AO SAMPLE,CRJ7,J,3.15,32963.59111,0,999999,0,531.2499513,3.561185245,1.159,,,,,,,,,,,5.1,,,,
CRJ9----,1610,CRJ9,"Jet <43,3T",AO SAMPLE,CRJ9,J,3.15,37694.71852,0,999999,0,574.3152512,3.683585503,1.159,,,,,,,,,,,5.1,,,,
CRJX----,3373,CRJX,"Jet <43,3T",AO SAMPLE,CRJX,J,3.15,38911.21378,0,999999,0,553.1015566,4.358997285,1.159,,,,,,,,,,,5.1,,,,
CVLP----,1612,CVLP,"Jet <43,3T",REG AVG_FUEL_PER_NM,"Jet <43,3T",P,3.1,21125,0,999999,0,437.8352824,2.281729924,1.159,,,,,,,,,,,5.1,,,,
CVLT----,133,CVLT,Turbo Prop,REG AVG_FUEL_PER_NM,Turbo Prop,T,3.15,25209.40029,0,999999,0,206.8428414,2.670537491,1.159,,,,,,,,,,,5.1,,,,
D228----,1122,D228,Turbo Prop,REG AVG_FUEL_PER_NM,Turbo Prop,T,3.15,6045.394992,0,999999,0,94.64078484,1.068756343,1.159,,,,,,,,,,,5.1,,,,
D328----,631,D328,Turbo Prop,ANCAT WITH NEW MODEL,ANCAT,T,3.15,14044.85551,0,999999,0,149.9825177,1.783970153,1.159,,,,,,,,,,,5.1,,,,
DC10----,141,DC10,Heavy Jet,ANCAT WITH NEW MODEL,ANCAT,J,3.15,261083.7825,0,999999,0,1858.411435,17.69127107,1.159,,,,,,,,,,,5.1,,,,
DC2----,635,DC2,"Jet <43,3T",REG AVG_FUEL_PER_NM,"Jet <43,3T",P,3.1,8405,0,999999,0,279.1488744,1.15288459,1.159,,,,,,,,,,,5.1,,,,
DC3----,1128,DC3,"Jet <43,3T",REG AVG_FUEL_PER_NM,"Jet <43,3T",P,3.1,11944.42212,0,999999,0,323.3043919,1.466993092,1.159,,,,,,,,,,,5.1,,,,
DC3T----,142,DC3T,Turbo Prop,REG AVG_FUEL_PER_NM,Turbo Prop,T,3.15,13068,0,999999,0,135.7569666,1.655725306,1.159,,,,,,,,,,,5.1,,,,
DC6----,1129,DC6,Jet <90T,REG AVG_FUEL_PER_NM,Jet <90T,P,3.1,46392.6076,0,999999,0,740.7053653,4.887957695,1.159,,,,,,,,,,,5.1,,,,
DC85----,143,DC85,Heavy Jet,REG AVG_FUEL_PER_NM,Heavy Jet,J,3.15,148575.9637,0,999999,0,877.3405293,9.095204788,1.159,,,,,,,,,,,5.1,,,,
DC86----,637,DC86,Heavy Jet,REG AVG_FUEL_PER_NM,Heavy Jet,J,3.15,156747.0246,0,999999,0,935.6939695,9.485487895,1.159,,,,,,,,,,,5.1,,,,
DC87----,1130,DC87,Heavy Jet,REG AVG_FUEL_PER_NM,Heavy Jet,J,3.15,158659.7626,0,999999,0,949.3537427,9.576848041,1.159,,,,,,,,,,,5.1,,,,
DC91----,1623,DC91,"Jet <43,3T",ANCAT WITH NEW MODEL,ANCAT,J,3.15,41405,0,999999,0,758.3228265,4.763160932,1.159,,,,,,,,,,,5.1,,,,
DC92----,144,DC92,Jet <90T,ANCAT WITH NEW MODEL,ANCAT,J,3.15,44196.55085,0,999999,0,804.5090634,5.804455505,1.159,,,,,,,,,,,5.1,,,,
DC93----,638,DC93,Jet <90T,ANCAT WITH NEW MODEL,ANCAT,J,3.15,50358.48463,0,999999,0,795.3896081,5.265160126,1.159,,,,,,,,,,,5.1,,,,
DC95----,1624,DC95,Jet <90T,ANCAT WITH NEW MODEL,ANCAT,J,3.15,55124.78637,0,999999,0,837.3657414,5.821853671,1.159,,,,,,,,,,,5.1,,,,
DH83----,1135,DH83,"Jet <43,3T",REG AVG_FUEL_PER_NM,"Jet <43,3T",P,3.1,18642,0,999999,0,406.8589969,2.061374345,1.159,,,,,,,,,,,5.1,,,,
DH8A----,1629,DH8A,Turbo Prop,AO SAMPLE,DH8A,T,3.15,15685.44136,0,999999,0,110.797702,2.386845654,1.159,,,,,,,,,,,5.1,,,,
DH8B----,150,DH8B,Turbo Prop,AO EQV,DH8A,T,3.15,16251.74847,0,999999,0,110.797702,2.386845654,1.036103995,,,,,,,,,,,5.1,,,,
DH8C----,644,DH8C,Turbo Prop,AO SAMPLE,DH8C,T,3.15,19219.75721,0,999999,0,186.2681668,2.07982821,1.159,,,,,,,,,,,5.1,,,,
DH8D----,1137,DH8D,Turbo Prop,AO SAMPLE,DH8D,T,3.15,29106.82029,0,999999,0,264.6452857,2.866096256,1.159,,,,,,,,,,,5.1,,,,
DHC4----,646,DHC4,"Jet <43,3T",REG AVG_FUEL_PER_NM,"Jet <43,3T",P,3.1,13005,0,999999,0,336.5354685,1.561114821,1.159,,,,,,,,,,,5.1,,,,
DHC5----,1139,DHC5,Turbo Prop,REG AVG_FUEL_PER_NM,Turbo Prop,T,3.15,22268.36775,0,999999,0,189.6235861,2.424717768,1.159,,,,,,,,,,,5.1,,,,
DHC6----,1632,DHC6,Turbo Prop,REG AVG_FUEL_PER_NM,Turbo Prop,T,3.15,5775.236101,0,999999,0,93.05904957,1.046175708,1.159,,,,,,,,,,,5.1,,,,
DHC7----,153,DHC7,Turbo Prop,AO EQV,DH8D,T,3.15,19888.87037,0,999999,0,264.6452857,2.866096256,0.683306187,,,,,,,,,,,5.1,,,,
E110----,654,E110,Turbo Prop,ANCAT WITH NEW MODEL,ANCAT,T,3.15,5780,0,999999,0,56.42693236,1.387283001,1.159,,,,,,,,,,,5.1,,,,
E120----,1147,E120,Turbo Prop,REG AVG_FUEL_PER_NM,Turbo Prop,T,3.15,11996.23658,0,999999,0,129.4819704,1.566144322,1.159,,,,,,,,,,,5.1,,,,
E121----,1640,E121,Turbo Prop,REG AVG_FUEL_PER_NM,Turbo Prop,T,3.15,5782.406897,0,999999,0,93.10103338,1.046775063,1.159,,,,,,,,,,,5.1,,,,
E135----,161,E135,"Jet <43,3T",AO SAMPLE,E135,J,3.15,20173.15967,0,999999,0,391.9345732,2.495490846,1.159,,,,,,,,,,,5.1,,,,
E145----,655,E145,"Jet <43,3T",AO SAMPLE,E145,J,3.15,20822.47781,0,999999,0,465.3078668,2.53776239,1.159,,,,,,,,,,,5.1,,,,
E170----,1148,E170,"Jet <43,3T",AO SAMPLE,E170,J,3.15,36570.66603,0,999999,0,537.5877473,3.867802074,1.159,,,,,,,,,,,5.1,,,,
E190----,1641,E190,Jet <90T,AO SAMPLE,E190,J,3.15,48478.13582,0,999999,0,705.1893344,4.455375732,1.159,,,,,,,,,,,5.1,,,,
E195----,3445,E195,Jet <90T,AO SAMPLE,E195,J,3.15,50718.18727,0,999999,0,668.6929943,4.757836696,1.159,,,,,,,,,,,5.1,,,,
E2----,162,E2,Turbo Prop,REG AVG_FUEL_PER_NM,Turbo Prop,T,3.15,22491.81804,0,999999,0,190.9318503,2.443394368,1.159,,,,,,,,,,,5.1,,,,
E290----,3485,E290,Jet <90T,AO EQV,E190,J,3.15,54673.5941,0,999999,0,705.1893344,4.455375732,1.127799021,,,,,,,,,,,5.1,,,,
E295----,3502,E295,Jet <90T,AO EQV,E195,J,3.15,57652.3889,0,999999,0,668.6929943,4.757836696,1.136720218,,,,,,,,,,,5.1,,,,
E35L----,3410,E35L,"Jet <43,3T",AO SAMPLE,E35L,J,3.15,23294.39242,0,999999,0,524.4137796,2.083351013,1.159,,,,,,,,,,,5.1,,,,
E3CF----,1150,E3CF,Heavy Jet,REG AVG_FUEL_PER_NM,Heavy Jet,J,3.15,149456.9218,0,999999,0,883.6318705,9.137282928,1.159,,,,,,,,,,,5.1,,,,
E3TF----,1643,E3TF,Heavy Jet,REG AVG_FUEL_PER_NM,Heavy Jet,J,3.15,151380,0,999999,0,897.3654887,9.229136967,1.159,,,,,,,,,,,5.1,,,,
E530----,3474,E530,"Jet <43,3T",REG AVG_FUEL_PER_NM,"Jet <43,3T",J,3.15,9680,0,999999,0,295.0549412,1.26603536,1.159,,,,,,,,,,,5.1,,,,
E545----,3414,E545,"Jet <43,3T",REG AVG_FUEL_PER_NM,"Jet <43,3T",J,3.15,16465.61122,0,999999,0,379.7077927,1.868229194,1.159,,,,,,,,,,,5.1,,,,
E550----,3395,E550,"Jet <43,3T",AO SAMPLE,E550,J,3.15,17585.07901,0,999999,0,363.3862777,1.815045238,1.159,,,,,,,,,,,5.1,,,,
E55P----,3350,E55P,"Jet <43,3T",AO SAMPLE,E55P,J,3.15,8086.139915,0,999999,0,307.6047221,1.064011235,1.159,,,,,,,,,,,5.1,,,,
E6----,1151,E6,Heavy Jet,REG AVG_FUEL_PER_NM,Heavy Jet,J,3.15,154880,0,999999,0,922.3606568,9.396311204,1.159,,,,,,,,,,,5.1,,,,
E75L----,3430,E75L,"Jet <43,3T",AO EQV,E170,J,3.15,36316.1375,0,999999,0,537.5877473,3.867802074,0.99304009,,,,,,,,,,,5.1,,,,
E75S----,3433,E75S,"Jet <43,3T",AO EQV,E170,J,3.15,38233.68825,0,999999,0,537.5877473,3.867802074,1.045474212,,,,,,,,,,,5.1,,,,
EC25----,660,EC25,Turbo Prop,REG AVG_FUEL_PER_NM,Turbo Prop,T,3.15,10852.12295,0,999999,0,122.7833758,1.470516106,1.159,,,,,,,,,,,5.1,,,,
EC75----,3385,EC75,Turbo Prop,REG AVG_FUEL_PER_NM,Turbo Prop,T,3.15,7605,0,999999,0,103.7720122,1.199112491,1.159,,,,,,,,,,,5.1,,,,
EH10----,1155,EH10,Turbo Prop,REG AVG_FUEL_PER_NM,Turbo Prop,T,3.15,13114.86269,0,999999,0,136.0313398,1.659642221,1.159,,,,,,,,,,,5.1,,,,
ETAR----,172,ETAR,"Jet <43,3T",REG AVG_FUEL_PER_NM,"Jet <43,3T",J,3.15,10579.29232,0,999999,0,306.2739245,1.345843689,1.159,,,,,,,,,,,5.1,,,,
EUFI----,666,EUFI,"Jet <43,3T",REG AVG_FUEL_PER_NM,"Jet <43,3T",J,3.15,20406.34804,0,999999,0,428.8698502,2.217952651,1.159,,,,,,,,,,,5.1,,,,
F1----,669,F1,"Jet <43,3T",REG AVG_FUEL_PER_NM,"Jet <43,3T",J,3.15,15200,0,999999,0,363.9188541,1.755911637,1.159,,,,,,,,,,,5.1,,,,
F100----,1162,F100,Jet <90T,AO SAMPLE,F100,J,3.15,43924.85934,0,999999,0,743.5812616,4.842054857,1.159,,,,,,,,,,,5.1,,,,
F104----,1655,F104,"Jet <43,3T",REG AVG_FUEL_PER_NM,"Jet <43,3T",J,3.15,13978.30771,0,999999,0,348.6778194,1.647491697,1.159,,,,,,,,,,,5.1,,,,
F117----,1163,F117,"Jet <43,3T",REG AVG_FUEL_PER_NM,"Jet <43,3T",J,3.15,23805,0,999999,0,471.2692111,2.519568406,1.159,,,,,,,,,,,5.1,,,,
F14----,1656,F14,"Jet <43,3T",REG AVG_FUEL_PER_NM,"Jet <43,3T",J,3.15,30420,0,999999,0,553.7936285,3.106621227,1.159,,,,,,,,,,,5.1,,,,
F15----,177,F15,"Jet <43,3T",REG AVG_FUEL_PER_NM,"Jet <43,3T",J,3.15,27111.49093,0,999999,0,512.5188313,2.813005266,1.159,,,,,,,,,,,5.1,,,,
F16----,1164,F16,"Jet <43,3T",REG AVG_FUEL_PER_NM,"Jet <43,3T",J,3.15,17424.17566,0,999999,0,391.6662163,1.953297669,1.159,,,,,,,,,,,5.1,,,,
F18----,178,F18,"Jet <43,3T",REG AVG_FUEL_PER_NM,"Jet <43,3T",J,3.15,24549.17108,0,999999,0,480.5530032,2.585610391,1.159,,,,,,,,,,,5.1,,,,
F18H----,3426,F18H,"Jet <43,3T",REG AVG_FUEL_PER_NM,"Jet <43,3T",J,3.15,23805,0,999999,0,471.2692111,2.519568406,1.159,,,,,,,,,,,5.1,,,,
F2----,672,F2,"Jet <43,3T",REG AVG_FUEL_PER_NM,"Jet <43,3T",J,3.15,22100,0,999999,0,449.9987453,2.368256984,1.159,,,,,,,,,,,5.1,,,,
F22----,1165,F22,"Jet <43,3T",REG AVG_FUEL_PER_NM,"Jet <43,3T",J,3.15,37845,0,999999,0,646.4230766,3.765558067,1.159,,,,,,,,,,,5.1,,,,
F27----,673,F27,Turbo Prop,ANCAT WITH NEW MODEL,ANCAT,T,3.15,20459.23012,0,999999,0,200.0850607,2.309824609,1.159,,,,,,,,,,,5.1,,,,
F28----,1166,F28,"Jet <43,3T",ANCAT WITH NEW MODEL,ANCAT,J,3.15,32429.91733,0,999999,0,747.5780465,4.683567874,1.159,,,,,,,,,,,5.1,,,,
F2TH----,1659,F2TH,"Jet <43,3T",AO SAMPLE,F2TH,J,3.15,18084.88353,0,999999,0,425.6009862,1.891089712,1.159,,,,,,,,,,,5.1,,,,
F35----,2147,F35,"Jet <43,3T",REG AVG_FUEL_PER_NM,"Jet <43,3T",J,3.15,32000,0,999999,0,573.504676,3.246839437,1.159,,,,,,,,,,,5.1,,,,
F4----,674,F4,"Jet <43,3T",REG AVG_FUEL_PER_NM,"Jet <43,3T",J,3.15,25759.87072,0,999999,0,495.6569008,2.693054781,1.159,,,,,,,,,,,5.1,,,,
F5----,1660,F5,"Jet <43,3T",REG AVG_FUEL_PER_NM,"Jet <43,3T",J,3.15,9691.557431,0,999999,0,295.1991242,1.267061033,1.159,,,,,,,,,,,5.1,,,,
F50----,181,F50,Turbo Prop,AO SAMPLE,F50,T,3.15,20480.2423,0,999999,0,152.0084977,2.268114082,1.159,,,,,,,,,,,5.1,,,,
F60----,675,F60,Turbo Prop,REG AVG_FUEL_PER_NM,Turbo Prop,T,3.15,23120,0,999999,0,194.609751,2.495899573,1.159,,,,,,,,,,,5.1,,,,
F70----,1661,F70,"Jet <43,3T",AO SAMPLE,F70,J,3.15,38204.90127,0,999999,0,658.5154174,4.305203021,1.159,,,,,,,,,,,5.1,,,,
F8----,182,F8,"Jet <43,3T",REG AVG_FUEL_PER_NM,"Jet <43,3T",J,3.15,13005,0,999999,0,336.5354685,1.561114821,1.159,,,,,,,,,,,5.1,,,,
F86----,676,F86,"Jet <43,3T",REG AVG_FUEL_PER_NM,"Jet <43,3T",J,3.15,7605,0,999999,0,269.1685971,1.081888028,1.159,,,,,,,,,,,5.1,,,,
F900----,1662,F900,"Jet <43,3T",AO SAMPLE,F900,J,3.15,21650.93155,0,999999,0,454.2077529,2.11563147,1.159,,,,,,,,,,,5.1,,,,
FA10----,677,FA10,"Jet <43,3T",REG AVG_FUEL_PER_NM,"Jet <43,3T",J,3.15,8570.185576,0,999999,0,281.2096217,1.1675441,1.159,,,,,,,,,,,5.1,,,,
FA20----,1663,FA20,"Jet <43,3T",REG AVG_FUEL_PER_NM,"Jet <43,3T",J,3.15,13393.60424,0,999999,0,341.383441,1.595601776,1.159,,,,,,,,,,,5.1,,,,
FA50----,678,FA50,"Jet <43,3T",AO SAMPLE,FA50,J,3.15,18421.13089,0,999999,0,520.3376528,1.797212291,1.159,,,,,,,,,,,5.1,,,,
FA5X----,3475,FA5X,"Jet <43,3T",REG AVG_FUEL_PER_NM,"Jet <43,3T",J,3.15,31205,0,999999,0,563.5867755,3.176286603,1.159,,,,,,,,,,,5.1,,,,
FA7X----,2156,FA7X,"Jet <43,3T",AO SAMPLE,FA7X,J,3.15,31603.94461,0,999999,0,517.73341,2.443270541,1.159,,,,,,,,,,,5.1,,,,
FA8X----,3428,FA8X,"Jet <43,3T",AO SAMPLE,FA8X,J,3.15,32805,0,999999,0,430.8035308,2.590822072,1.159,,,,,,,,,,,5.1,,,,
FC1----,2045,FC1,"Jet <43,3T",REG AVG_FUEL_PER_NM,"Jet <43,3T",J,3.15,12500,0,999999,0,330.2354185,1.516298241,1.159,,,,,,,,,,,5.1,,,,
FREL----,193,FREL,Turbo Prop,REG AVG_FUEL_PER_NM,Turbo Prop,T,3.15,13005,0,999999,0,135.3881121,1.65045959,1.159,,,,,,,,,,,5.1,,,,
FURY----,194,FURY,"Jet <43,3T",REG AVG_FUEL_PER_NM,"Jet <43,3T",P,3.1,5780,0,999999,0,246.4010897,0.919927121,1.159,,,,,,,,,,,5.1,,,,
G150----,1999,G150,"Jet <43,3T",AO SAMPLE,G150,J,3.15,11994.22799,0,999999,0,353.8865455,1.383722017,1.159,,,,,,,,,,,5.1,,,,
G159----,1675,G159,Turbo Prop,REG AVG_FUEL_PER_NM,Turbo Prop,T,3.15,15279.79296,0,999999,0,148.7066456,1.840593146,1.159,,,,,,,,,,,5.1,,,,
G222----,198,G222,Turbo Prop,REG AVG_FUEL_PER_NM,Turbo Prop,T,3.15,26723.9505,0,999999,0,215.7102804,2.797127832,1.159,,,,,,,,,,,5.1,,,,
G250----,3374,G250,"Jet <43,3T",REG AVG_FUEL_PER_NM,"Jet <43,3T",J,3.15,18000,0,999999,0,398.8498244,2.004399604,1.159,,,,,,,,,,,5.1,,,,
G280----,3384,G280,"Jet <43,3T",REG AVG_FUEL_PER_NM,"Jet <43,3T",J,3.15,18000,0,999999,0,398.8498244,2.004399604,1.159,,,,,,,,,,,5.1,,,,
G4SG----,1186,G4SG,"Jet <43,3T",REG AVG_FUEL_PER_NM,"Jet <43,3T",J,3.15,6125,0,999999,0,250.7050842,0.950544389,1.159,,,,,,,,,,,5.1,,,,
GA5C----,3431,GA5C,"Jet <43,3T",AO EQV,GLF5,J,3.15,35740.63362,0,999999,0,782.6656206,2.838797542,0.865559032,,,,,,,,,,,5.1,,,,
GA6C----,3490,GA6C,"Jet <43,3T",AO EQV,GLF5,J,3.15,42411.51141,0,999999,0,782.6656206,2.838797542,1.027112926,,,,,,,,,,,5.1,,,,
GALX----,696,GALX,"Jet <43,3T",AO SAMPLE,GALX,J,3.15,16191.79747,0,999999,0,277.7101512,1.887862905,1.159,,,,,,,,,,,5.1,,,,
GFLY----,2091,GFLY,"Jet <43,3T",REG AVG_FUEL_PER_NM,"Jet <43,3T",J,3.15,10125,0,999999,0,300.6064704,1.305527198,1.159,,,,,,,,,,,5.1,,,,
GL5T----,1977,GL5T,"Jet <43,3T",AO SAMPLE,GL5T,J,3.15,41485.60873,0,999999,0,922.2117775,3.092102973,1.159,,,,,,,,,,,5.1,,,,
GL7T----,3491,GL7T,Jet <90T,REG AVG_FUEL_PER_NM,Jet <90T,J,3.15,51261.98957,0,999999,0,756.2975118,5.046531874,1.159,,,,,,,,,,,5.1,,,,
GLEX----,205,GLEX,Jet <90T,AO SAMPLE,GLEX,J,3.15,44474.26149,0,999999,0,778.6880617,3.203824034,1.159,,,,,,,,,,,5.1,,,,
GLF2----,699,GLF2,"Jet <43,3T",REG AVG_FUEL_PER_NM,"Jet <43,3T",J,3.15,30242.25142,0,999999,0,551.5761534,3.090846805,1.159,,,,,,,,,,,5.1,,,,
GLF3----,1192,GLF3,"Jet <43,3T",REG AVG_FUEL_PER_NM,"Jet <43,3T",J,3.15,31216.70767,0,999999,0,563.7328328,3.177325609,1.159,,,,,,,,,,,5.1,,,,
GLF4----,1685,GLF4,"Jet <43,3T",AO SAMPLE,GLF4,J,3.15,33485.46695,0,999999,0,757.7102162,2.914809947,1.159,,,,,,,,,,,5.1,,,,
GLF5----,206,GLF5,"Jet <43,3T",AO SAMPLE,GLF5,J,3.15,41291.96541,0,999999,0,782.6656206,2.838797542,1.159,,,,,,,,,,,5.1,,,,
GLF6----,3383,GLF6,Jet <90T,AO SAMPLE,GLF6,J,3.15,45448.55123,0,999999,0,787.6380159,3.048613473,1.159,,,,,,,,,,,5.1,,,,
GSPN----,3243,GSPN,"Jet <43,3T",REG AVG_FUEL_PER_NM,"Jet <43,3T",J,3.15,6125,0,999999,0,250.7050842,0.950544389,1.159,,,,,,,,,,,5.1,,,,
H160----,3437,H160,Turbo Prop,REG AVG_FUEL_PER_NM,Turbo Prop,T,3.15,6125,0,999999,0,95.10685889,1.075409952,1.159,,,,,,,,,,,5.1,,,,
H25A----,1692,H25A,"Jet <43,3T",AO EQV,H25B,J,3.15,10795.79343,0,999999,0,306.2420006,1.582878834,0.86933804,,,,,,,,,,,5.1,,,,
H25B----,213,H25B,"Jet <43,3T",AO SAMPLE,H25B,J,3.15,12418.4068,0,999999,0,306.2420006,1.582878834,1.159,,,,,,,,,,,5.1,,,,
H25C----,707,H25C,"Jet <43,3T",AO EQV,H25B,J,3.15,14045,0,999999,0,306.2420006,1.582878834,1.130982438,,,,,,,,,,,5.1,,,,
H46----,1201,H46,Turbo Prop,REG AVG_FUEL_PER_NM,Turbo Prop,T,3.15,10580,0,999999,0,121.1901413,1.447771309,1.159,,,,,,,,,,,5.1,,,,
H47----,1694,H47,Turbo Prop,REG AVG_FUEL_PER_NM,Turbo Prop,T,3.15,22049.29323,0,999999,0,188.3409413,2.406406907,1.159,,,,,,,,,,,5.1,,,,
H53----,709,H53,Turbo Prop,REG AVG_FUEL_PER_NM,Turbo Prop,T,3.15,33620,0,999999,0,256.0855007,3.373518932,1.159,,,,,,,,,,,5.1,,,,
H60----,1695,H60,Turbo Prop,REG AVG_FUEL_PER_NM,Turbo Prop,T,3.15,9587.226048,0,999999,0,115.3776153,1.364792486,1.159,,,,,,,,,,,5.1,,,,
H64----,216,H64,Turbo Prop,REG AVG_FUEL_PER_NM,Turbo Prop,T,3.15,8000,0,999999,0,106.0846713,1.232127695,1.159,,,,,,,,,,,5.1,,,,
HA4T----,3244,HA4T,"Jet <43,3T",AO SAMPLE,HA4T,J,3.15,17342.96959,0,999999,0,476.5259703,1.827270876,1.159,,,,,,,,,,,5.1,,,,
HAR----,711,HAR,"Jet <43,3T",REG AVG_FUEL_PER_NM,"Jet <43,3T",J,3.15,13497.44218,0,999999,0,342.6788553,1.604816948,1.159,,,,,,,,,,,5.1,,,,
HAWK----,1697,HAWK,"Jet <43,3T",REG AVG_FUEL_PER_NM,"Jet <43,3T",J,3.15,7399.447181,0,999999,0,266.6042545,1.063646099,1.159,,,,,,,,,,,5.1,,,,
HERN----,1206,HERN,"Jet <43,3T",REG AVG_FUEL_PER_NM,"Jet <43,3T",P,3.1,6029.917355,0,999999,0,249.5188953,0.942106212,1.159,,,,,,,,,,,5.1,,,,
HF20----,1699,HF20,"Jet <43,3T",REG AVG_FUEL_PER_NM,"Jet <43,3T",J,3.15,9245,0,999999,0,289.6281655,1.22743098,1.159,,,,,,,,,,,5.1,,,,
HUNT----,226,HUNT,"Jet <43,3T",REG AVG_FUEL_PER_NM,"Jet <43,3T",J,3.15,11163.44419,0,999999,0,313.5614216,1.397684657,1.159,,,,,,,,,,,5.1,,,,
I114----,1214,I114,Turbo Prop,REG AVG_FUEL_PER_NM,Turbo Prop,T,3.15,23805,0,999999,0,198.6203118,2.553153788,1.159,,,,,,,,,,,5.1,,,,
IL14----,1218,IL14,"Jet <43,3T",REG AVG_FUEL_PER_NM,"Jet <43,3T",P,3.1,17000,0,999999,0,386.3744779,1.915653902,1.159,,,,,,,,,,,5.1,,,,
IL18----,1711,IL18,Turbo Prop,REG AVG_FUEL_PER_NM,Turbo Prop,T,3.15,63688.15201,0,999999,0,432.1295186,5.886699151,1.159,,,,,,,,,,,5.1,,,,
IL38----,726,IL38,Turbo Prop,REG AVG_FUEL_PER_NM,Turbo Prop,T,3.15,63845,0,999999,0,433.0478375,5.899808945,1.159,,,,,,,,,,,5.1,,,,
IL62----,1219,IL62,Heavy Jet,REG AVG_FUEL_PER_NM,Heavy Jet,J,3.15,168255.1781,0,999999,0,1017.879178,10.03516412,1.159,,,,,,,,,,,5.1,,,,
IL76----,1712,IL76,Heavy Jet,REG AVG_FUEL_PER_NM,Heavy Jet,J,3.15,190027.1597,0,999999,0,1173.363275,11.07508252,1.159,,,,,,,,,,,5.1,,,,
IL86----,233,IL86,Heavy Jet,REG AVG_FUEL_PER_NM,Heavy Jet,J,3.15,212730.5101,0,999999,0,1335.49872,12.15948689,1.159,,,,,,,,,,,5.1,,,,
IL96----,727,IL96,Heavy Jet,REG AVG_FUEL_PER_NM,Heavy Jet,J,3.15,250610.8028,0,999999,0,1606.019943,13.96880376,1.159,,,,,,,,,,,5.1,,,,
J328----,732,J328,"Jet <43,3T",REG AVG_FUEL_PER_NM,"Jet <43,3T",J,3.15,15574.40995,0,999999,0,368.589748,1.789138911,1.159,,,,,,,,,,,5.1,,,,
JAGR----,241,JAGR,"Jet <43,3T",REG AVG_FUEL_PER_NM,"Jet <43,3T",J,3.15,14664.43597,0,999999,0,357.2375073,1.708382632,1.159,,,,,,,,,,,5.1,,,,
JCOM----,737,JCOM,"Jet <43,3T",REG AVG_FUEL_PER_NM,"Jet <43,3T",J,3.15,8405,0,999999,0,279.1488744,1.15288459,1.159,,,,,,,,,,,5.1,,,,
JS20----,246,JS20,Turbo Prop,REG AVG_FUEL_PER_NM,Turbo Prop,T,3.15,5700,0,999999,0,92.61855474,1.039887264,1.159,,,,,,,,,,,5.1,,,,
JS31----,1233,JS31,Turbo Prop,ANCAT WITH NEW MODEL,ANCAT,T,3.15,7047.142106,0,999999,0,55.73383214,1.260637759,1.159,,,,,,,,,,,5.1,,,,
JS32----,1726,JS32,Turbo Prop,REG AVG_FUEL_PER_NM,Turbo Prop,T,3.15,7220.136933,0,999999,0,101.5187031,1.166944559,1.159,,,,,,,,,,,5.1,,,,
JS41----,247,JS41,Turbo Prop,ANCAT WITH NEW MODEL,ANCAT,T,3.15,11039.9332,0,999999,0,81.16332959,1.687872339,1.159,,,,,,,,,,,5.1,,,,
JU52----,1727,JU52,"Jet <43,3T",REG AVG_FUEL_PER_NM,"Jet <43,3T",P,3.1,10580,0,999999,0,306.2827531,1.345906492,1.159,,,,,,,,,,,5.1,,,,
K35E----,1729,K35E,Heavy Jet,REG AVG_FUEL_PER_NM,Heavy Jet,J,3.15,146284,0,999999,0,860.9725241,8.985731278,1.159,,,,,,,,,,,5.1,,,,
K35R----,250,K35R,Heavy Jet,REG AVG_FUEL_PER_NM,Heavy Jet,J,3.15,146086.9998,0,999999,0,859.5656518,8.976321747,1.159,,,,,,,,,,,5.1,,,,
KA27----,1238,KA27,Turbo Prop,REG AVG_FUEL_PER_NM,Turbo Prop,T,3.15,11260.74322,0,999999,0,125.1757794,1.504669731,1.159,,,,,,,,,,,5.1,,,,
L101----,1248,L101,Heavy Jet,REG AVG_FUEL_PER_NM,Heavy Jet,J,3.15,226290.7494,0,999999,0,1432.338851,12.80717908,1.159,,,,,,,,,,,5.1,,,,
L159----,757,L159,"Jet <43,3T",REG AVG_FUEL_PER_NM,"Jet <43,3T",J,3.15,8000,0,999999,0,274.096359,1.11694258,1.159,,,,,,,,,,,5.1,,,,
L188----,264,L188,Turbo Prop,REG AVG_FUEL_PER_NM,Turbo Prop,T,3.15,51375.59401,0,999999,0,360.041544,4.857581127,1.159,,,,,,,,,,,5.1,,,,
L29A----,1744,L29A,"Jet <43,3T",REG AVG_FUEL_PER_NM,"Jet <43,3T",J,3.15,20375.37693,0,999999,0,428.4834748,2.215204098,1.159,,,,,,,,,,,5.1,,,,
L29B----,265,L29B,"Jet <43,3T",REG AVG_FUEL_PER_NM,"Jet <43,3T",J,3.15,20138.89704,0,999999,0,425.5333063,2.194217524,1.159,,,,,,,,,,,5.1,,,,
L37----,759,L37,"Jet <43,3T",REG AVG_FUEL_PER_NM,"Jet <43,3T",P,3.1,15680,0,999999,0,369.9070205,1.798509574,1.159,,,,,,,,,,,5.1,,,,
L410----,760,L410,Turbo Prop,AO SAMPLE,L410,T,3.15,6396.561712,0,999999,0,125.7599986,1.146154845,1.159,,,,,,,,,,,5.1,,,,
L59----,1746,L59,"Jet <43,3T",REG AVG_FUEL_PER_NM,"Jet <43,3T",J,3.15,6845,0,999999,0,259.6873338,1.014441294,1.159,,,,,,,,,,,5.1,,,,
LJ24----,767,LJ24,"Jet <43,3T",REG AVG_FUEL_PER_NM,"Jet <43,3T",J,3.15,5823.393241,0,999999,0,246.9424354,0.923778085,1.159,,,,,,,,,,,5.1,,,,
LJ25----,1260,LJ25,"Jet <43,3T",AO EQV,LJ40,J,3.15,6846.481067,0,999999,0,231.4230075,1.287614109,0.726814857,,,,,,,,,,,5.1,,,,
LJ31----,274,LJ31,"Jet <43,3T",AO SAMPLE,LJ31,J,3.15,7776.497495,0,999999,0,236.0656748,1.11583053,1.159,,,,,,,,,,,5.1,,,,
LJ35----,768,LJ35,"Jet <43,3T",AO EQV,LJ40,J,3.15,8465.440987,0,999999,0,231.4230075,1.287614109,0.898681852,,,,,,,,,,,5.1,,,,
LJ40----,1978,LJ40,"Jet <43,3T",AO SAMPLE,LJ40,J,3.15,9419.841927,0,999999,0,231.4230075,1.287614109,1.159,,,,,,,,,,,5.1,,,,
LJ45----,1261,LJ45,"Jet <43,3T",AO SAMPLE,LJ45,J,3.15,9553.242026,0,999999,0,314.467404,1.196836277,1.159,,,,,,,,,,,5.1,,,,
LJ55----,1754,LJ55,"Jet <43,3T",AO EQV,LJ45,J,3.15,9680,0,999999,0,314.467404,1.196836277,1.013268582,,,,,,,,,,,5.1,,,,
LJ60----,275,LJ60,"Jet <43,3T",AO SAMPLE,LJ60,J,3.15,10597.09509,0,999999,0,228.9927434,1.368994697,1.159,,,,,,,,,,,5.1,,,,
LJ70----,3418,LJ70,"Jet <43,3T",AO EQV,LJ45,J,3.15,9680,0,999999,0,314.467404,1.196836277,1.013268582,,,,,,,,,,,5.1,,,,
LJ75----,3399,LJ75,"Jet <43,3T",AO EQV,LJ45,J,3.15,9680,0,999999,0,314.467404,1.196836277,1.013268582,,,,,,,,,,,5.1,,,,
M28----,284,M28,Turbo Prop,REG AVG_FUEL_PER_NM,Turbo Prop,T,3.15,7286.269591,0,999999,0,101.9058988,1.172472112,1.159,,,,,,,,,,,5.1,,,,
M339----,779,M339,"Jet <43,3T",REG AVG_FUEL_PER_NM,"Jet <43,3T",J,3.15,5814.523493,0,999999,0,246.8317822,0.922990933,1.159,,,,,,,,,,,5.1,,,,
M346----,3245,M346,"Jet <43,3T",REG AVG_FUEL_PER_NM,"Jet <43,3T",J,3.15,9680,0,999999,0,295.0549412,1.26603536,1.159,,,,,,,,,,,5.1,,,,
M55----,1766,M55,"Jet <43,3T",REG AVG_FUEL_PER_NM,"Jet <43,3T",J,3.15,24259.21522,0,999999,0,476.9357034,2.559878055,1.159,,,,,,,,,,,5.1,,,,
MD11----,1279,MD11,Heavy Jet,AO SAMPLE,MD11,J,3.15,284592.6647,0,999999,0,1699.526141,16.99214553,1.159,,,,,,,,,,,5.1,,,,
MD81----,1280,MD81,Jet <90T,AO EQV,MD82,J,3.15,63851.99176,0,999999,0,797.5163493,7.059720733,0.983008174,,,,,,,,,,,5.1,,,,
MD82----,1773,MD82,Jet <90T,AO SAMPLE,MD82,J,3.15,64955.70783,0,999999,0,797.5163493,7.059720733,1.159,,,,,,,,,,,5.1,,,,
MD83----,294,MD83,Jet <90T,AO SAMPLE,MD83,J,3.15,71125.37873,0,999999,0,754.6510012,7.142719775,1.159,,,,,,,,,,,5.1,,,,
MD87----,788,MD87,Jet <90T,AO SAMPLE,MD87,J,3.15,61751.73295,0,999999,0,895.6705053,6.295897546,1.159,,,,,,,,,,,5.1,,,,
MD88----,1281,MD88,Jet <90T,AO EQV,MD82,J,3.15,67481.5021,0,999999,0,797.5163493,7.059720733,1.03888487,,,,,,,,,,,5.1,,,,
MD90----,1774,MD90,Jet <90T,AO EQV,MD83,J,3.15,73616.22863,0,999999,0,754.6510012,7.142719775,1.03502055,,,,,,,,,,,5.1,,,,
METR----,1283,METR,"Jet <43,3T",REG AVG_FUEL_PER_NM,"Jet <43,3T",J,3.15,7220,0,999999,0,264.3655887,1.047720933,1.159,,,,,,,,,,,5.1,,,,
MG17----,1777,MG17,"Jet <43,3T",REG AVG_FUEL_PER_NM,"Jet <43,3T",J,3.15,6125,0,999999,0,250.7050842,0.950544389,1.159,,,,,,,,,,,5.1,,,,
MG21----,792,MG21,"Jet <43,3T",REG AVG_FUEL_PER_NM,"Jet <43,3T",J,3.15,9397.865392,0,999999,0,291.5352142,1.240997126,1.159,,,,,,,,,,,5.1,,,,
MG29----,299,MG29,"Jet <43,3T",REG AVG_FUEL_PER_NM,"Jet <43,3T",J,3.15,18848.21203,0,999999,0,409.4315635,2.079674776,1.159,,,,,,,,,,,5.1,,,,
MG31----,793,MG31,Jet <90T,REG AVG_FUEL_PER_NM,Jet <90T,J,3.15,46080,0,999999,0,739.7043711,4.877777451,1.159,,,,,,,,,,,5.1,,,,
MI14----,301,MI14,Turbo Prop,REG AVG_FUEL_PER_NM,Turbo Prop,T,3.15,14045,0,999999,0,141.4771387,1.737385698,1.159,,,,,,,,,,,5.1,,,,
MI24----,1288,MI24,Turbo Prop,REG AVG_FUEL_PER_NM,Turbo Prop,T,3.15,11241.4362,0,999999,0,125.06274,1.503055996,1.159,,,,,,,,,,,5.1,,,,
MI26----,1781,MI26,Turbo Prop,REG AVG_FUEL_PER_NM,Turbo Prop,T,3.15,56099.37677,0,999999,0,387.6985046,5.252408098,1.159,,,,,,,,,,,5.1,,,,
MI28----,302,MI28,Turbo Prop,REG AVG_FUEL_PER_NM,Turbo Prop,T,3.15,11520,0,999999,0,126.6936846,1.526339138,1.159,,,,,,,,,,,5.1,,,,
MI8----,797,MI8,Turbo Prop,REG AVG_FUEL_PER_NM,Turbo Prop,T,3.15,12612.9215,0,999999,0,133.0925578,1.617688573,1.159,,,,,,,,,,,5.1,,,,
MIR2----,1291,MIR2,"Jet <43,3T",REG AVG_FUEL_PER_NM,"Jet <43,3T",J,3.15,16245.06742,0,999999,0,376.9564323,1.84865688,1.159,,,,,,,,,,,5.1,,,,
MIRA----,305,MIRA,"Jet <43,3T",REG AVG_FUEL_PER_NM,"Jet <43,3T",J,3.15,13520,0,999999,0,342.9602719,1.606818857,1.159,,,,,,,,,,,5.1,,,,
MP20----,805,MP20,"Jet <43,3T",REG AVG_FUEL_PER_NM,"Jet <43,3T",P,3.1,10000,0,999999,0,299.0470521,1.294433985,1.159,,,,,,,,,,,5.1,,,,
MRF1----,1299,MRF1,"Jet <43,3T",REG AVG_FUEL_PER_NM,"Jet <43,3T",J,3.15,15340.58111,0,999999,0,365.6726522,1.768387607,1.159,,,,,,,,,,,5.1,,,,
MRJ9----,3448,MRJ9,"Jet <43,3T",REG AVG_FUEL_PER_NM,"Jet <43,3T",J,3.15,43245,0,999999,0,713.7899479,4.24478486,1.159,,,,,,,,,,,5.1,,,,
MU30----,1302,MU30,"Jet <43,3T",REG AVG_FUEL_PER_NM,"Jet <43,3T",J,3.15,6559.224515,0,999999,0,256.1221855,0.989079948,1.159,,,,,,,,,,,5.1,,,,
N262----,318,N262,Turbo Prop,REG AVG_FUEL_PER_NM,Turbo Prop,T,3.15,7609.726643,0,999999,0,103.7996859,1.199507557,1.159,,,,,,,,,,,5.1,,,,
NH90----,321,NH90,Turbo Prop,REG AVG_FUEL_PER_NM,Turbo Prop,T,3.15,10139.26839,0,999999,0,118.6097312,1.410933729,1.159,,,,,,,,,,,5.1,,,,
NORA----,1802,NORA,"Jet <43,3T",REG AVG_FUEL_PER_NM,"Jet <43,3T",P,3.1,18605,0,999999,0,406.3974091,2.058090754,1.159,,,,,,,,,,,5.1,,,,
P1----,3304,P1,Jet <90T,REG AVG_FUEL_PER_NM,Jet <90T,J,3.15,79380,0,999999,0,846.3336065,5.962210799,1.159,,,,,,,,,,,5.1,,,,
P3----,331,P3,Turbo Prop,ANCAT WITH NEW MODEL,ANCAT,T,3.15,65473.74339,0,999999,0,387.6461588,5.732322063,1.159,,,,,,,,,,,5.1,,,,
P38----,332,P38,"Jet <43,3T",REG AVG_FUEL_PER_NM,"Jet <43,3T",P,3.1,6845,0,999999,0,259.6873338,1.014441294,1.159,,,,,,,,,,,5.1,,,,
P47----,333,P47,"Jet <43,3T",REG AVG_FUEL_PER_NM,"Jet <43,3T",P,3.1,8800,0,999999,0,284.0766362,1.187939142,1.159,,,,,,,,,,,5.1,,,,
P8----,3403,P8,Jet <90T,REG AVG_FUEL_PER_NM,Jet <90T,J,3.15,85805,0,999999,0,866.906965,6.17144456,1.159,,,,,,,,,,,5.1,,,,
PC24----,3413,PC24,"Jet <43,3T",REG AVG_FUEL_PER_NM,"Jet <43,3T",J,3.15,8263.015309,0,999999,0,277.3775661,1.140284059,1.159,,,,,,,,,,,5.1,,,,
PEMB----,1333,PEMB,"Jet <43,3T",REG AVG_FUEL_PER_NM,"Jet <43,3T",P,3.1,5780,0,999999,0,246.4010897,0.919927121,1.159,,,,,,,,,,,5.1,,,,
PRM1----,355,PRM1,"Jet <43,3T",REG AVG_FUEL_PER_NM,"Jet <43,3T",J,3.15,5778.502502,0,999999,0,246.3824079,0.919794225,1.159,,,,,,,,,,,5.1,,,,
PRTS----,1835,PRTS,"Jet <43,3T",REG AVG_FUEL_PER_NM,"Jet <43,3T",J,3.15,5780,0,999999,0,246.4010897,0.919927121,1.159,,,,,,,,,,,5.1,,,,
PUMA----,1838,PUMA,Turbo Prop,REG AVG_FUEL_PER_NM,Turbo Prop,T,3.15,6912.880769,0,999999,0,99.71976947,1.14126323,1.159,,,,,,,,,,,5.1,,,,
Q4----,3486,Q4,"Jet <43,3T",REG AVG_FUEL_PER_NM,"Jet <43,3T",J,3.15,14580,0,999999,0,356.1841393,1.700889302,1.159,,,,,,,,,,,5.1,,,,
R721----,2004,R721,Jet <90T,REG AVG_FUEL_PER_NM,Jet <90T,J,3.15,77273,0,999999,0,839.5868257,5.893595151,1.159,,,,,,,,,,,5.1,,,,
R722----,2018,R722,Heavy Jet,REG AVG_FUEL_PER_NM,Heavy Jet,J,3.15,95000,0,999999,0,494.7290391,6.536198825,1.159,,,,,,,,,,,5.1,,,,
RFAL----,373,RFAL,"Jet <43,3T",REG AVG_FUEL_PER_NM,"Jet <43,3T",J,3.15,14045,0,999999,0,349.5098289,1.653410351,1.159,,,,,,,,,,,5.1,,,,
RJ1H----,1853,RJ1H,Jet <90T,AO SAMPLE,RJ1H,J,3.15,44973.14775,0,999999,0,460.9550347,5.8510415,1.159,,,,,,,,,,,5.1,,,,
RJ70----,374,RJ70,"Jet <43,3T",AO EQV,RJ1H,J,3.15,41917.14864,0,999999,0,460.9550347,5.8510415,0.932048361,,,,,,,,,,,5.1,,,,
RJ85----,868,RJ85,"Jet <43,3T",AO SAMPLE,RJ85,J,3.15,42899.61512,0,999999,0,683.2139264,5.617264015,1.159,,,,,,,,,,,5.1,,,,
S2P----,878,S2P,"Jet <43,3T",REG AVG_FUEL_PER_NM,"Jet <43,3T",P,3.1,12501.56011,0,999999,0,330.2548814,1.516436694,1.159,,,,,,,,,,,5.1,,,,
S2T----,1371,S2T,Turbo Prop,REG AVG_FUEL_PER_NM,Turbo Prop,T,3.15,12500,0,999999,0,132.4314212,1.608250278,1.159,,,,,,,,,,,5.1,,,,
S3----,1864,S3,"Jet <43,3T",REG AVG_FUEL_PER_NM,"Jet <43,3T",J,3.15,22696.95313,0,999999,0,457.4459424,2.421234008,1.159,,,,,,,,,,,5.1,,,,
S330----,385,S330,Turbo Prop,REG AVG_FUEL_PER_NM,Turbo Prop,T,3.15,7220,0,999999,0,101.5179014,1.166933114,1.159,,,,,,,,,,,5.1,,,,
S4----,386,S4,"Jet <43,3T",REG AVG_FUEL_PER_NM,"Jet <43,3T",P,3.1,10000,0,999999,0,299.0470521,1.294433985,1.159,,,,,,,,,,,5.1,,,,
S58P----,388,S58P,"Jet <43,3T",REG AVG_FUEL_PER_NM,"Jet <43,3T",P,3.1,5780,0,999999,0,246.4010897,0.919927121,1.159,,,,,,,,,,,5.1,,,,
S601----,1375,S601,"Jet <43,3T",REG AVG_FUEL_PER_NM,"Jet <43,3T",J,3.15,6844.949298,0,999999,0,259.6867012,1.014436795,1.159,,,,,,,,,,,5.1,,,,
S61----,1868,S61,Turbo Prop,REG AVG_FUEL_PER_NM,Turbo Prop,T,3.15,9472.607769,0,999999,0,114.7065444,1.35521237,1.159,,,,,,,,,,,5.1,,,,
S61R----,389,S61R,Turbo Prop,REG AVG_FUEL_PER_NM,Turbo Prop,T,3.15,9300,0,999999,0,113.6959547,1.34078533,1.159,,,,,,,,,,,5.1,,,,
S64----,1376,S64,Turbo Prop,REG AVG_FUEL_PER_NM,Turbo Prop,T,3.15,20050.6759,0,999999,0,176.63937,2.239356882,1.159,,,,,,,,,,,5.1,,,,
S92----,1377,S92,Turbo Prop,REG AVG_FUEL_PER_NM,Turbo Prop,T,3.15,12143.07598,0,999999,0,130.3416906,1.578417571,1.159,,,,,,,,,,,5.1,,,,
SB20----,891,SB20,Turbo Prop,AO SAMPLE,SB20,T,3.15,23055.22666,0,999999,0,285.9547885,2.522631062,1.159,,,,,,,,,,,5.1,,,,
SB29----,1384,SB29,"Jet <43,3T",REG AVG_FUEL_PER_NM,"Jet <43,3T",J,3.15,6845,0,999999,0,259.6873338,1.014441294,1.159,,,,,,,,,,,5.1,,,,
SB32----,1877,SB32,"Jet <43,3T",REG AVG_FUEL_PER_NM,"Jet <43,3T",J,3.15,13520,0,999999,0,342.9602719,1.606818857,1.159,,,,,,,,,,,5.1,,,,
SB35----,398,SB35,"Jet <43,3T",REG AVG_FUEL_PER_NM,"Jet <43,3T",J,3.15,12152.04826,0,999999,0,325.8945999,1.485419019,1.159,,,,,,,,,,,5.1,,,,
SB37----,892,SB37,"Jet <43,3T",REG AVG_FUEL_PER_NM,"Jet <43,3T",J,3.15,16245,0,999999,0,376.9555913,1.848650896,1.159,,,,,,,,,,,5.1,,,,
SB39----,1385,SB39,"Jet <43,3T",REG AVG_FUEL_PER_NM,"Jet <43,3T",J,3.15,13837.35698,0,999999,0,346.9194102,1.634982926,1.159,,,,,,,,,,,5.1,,,,
SBR1----,1879,SBR1,"Jet <43,3T",REG AVG_FUEL_PER_NM,"Jet <43,3T",J,3.15,11023.88967,0,999999,0,311.8204305,1.385299793,1.159,,,,,,,,,,,5.1,,,,
SBR2----,400,SBR2,"Jet <43,3T",REG AVG_FUEL_PER_NM,"Jet <43,3T",J,3.15,10930.10429,0,999999,0,310.6504254,1.376976743,1.159,,,,,,,,,,,5.1,,,,
SC7----,1387,SC7,Turbo Prop,ANCAT WITH NEW MODEL,ANCAT,T,3.15,5865.407114,0,999999,0,32.40938111,1.490168157,1.159,,,,,,,,,,,5.1,,,,
SF34----,1885,SF34,Turbo Prop,AO SAMPLE,SF34,T,3.15,12916.89602,0,999999,0,200.1937031,1.030377337,1.159,,,,,,,,,,,5.1,,,,
SH33----,407,SH33,Turbo Prop,ANCAT WITH NEW MODEL,ANCAT,T,3.15,11173.35537,0,999999,0,89.44834928,1.631541277,1.159,,,,,,,,,,,5.1,,,,
SH36----,901,SH36,Turbo Prop,ANCAT WITH NEW MODEL,ANCAT,T,3.15,12201.69728,0,999999,0,104.6451183,1.92194323,1.159,,,,,,,,,,,5.1,,,,
SJ30----,1890,SJ30,"Jet <43,3T",REG AVG_FUEL_PER_NM,"Jet <43,3T",J,3.15,6125,0,999999,0,250.7050842,0.950544389,1.159,,,,,,,,,,,5.1,,,,
SK70----,411,SK70,"Jet <43,3T",REG AVG_FUEL_PER_NM,"Jet <43,3T",P,3.1,9900,0,999999,0,297.7995174,1.285559415,1.159,,,,,,,,,,,5.1,,,,
STAR----,1412,STAR,Turbo Prop,REG AVG_FUEL_PER_NM,Turbo Prop,T,3.15,6538.908788,0,999999,0,97.53022585,1.110005606,1.159,,,,,,,,,,,5.1,,,,
SU17----,922,SU17,"Jet <43,3T",REG AVG_FUEL_PER_NM,"Jet <43,3T",J,3.15,19220,0,999999,0,414.0697472,2.112669361,1.159,,,,,,,,,,,5.1,,,,
SU24----,1415,SU24,"Jet <43,3T",REG AVG_FUEL_PER_NM,"Jet <43,3T",J,3.15,39605,0,999999,0,668.3796865,3.921750503,1.159,,,,,,,,,,,5.1,,,,
SU25----,1908,SU25,"Jet <43,3T",REG AVG_FUEL_PER_NM,"Jet <43,3T",J,3.15,19160.99773,0,999999,0,413.3336735,2.107433163,1.159,,,,,,,,,,,5.1,,,,
SU27----,923,SU27,"Jet <43,3T",REG AVG_FUEL_PER_NM,"Jet <43,3T",J,3.15,27337.20682,0,999999,0,515.3347152,2.833036581,1.159,,,,,,,,,,,5.1,,,,
SU95----,3341,SU95,Jet <90T,REG AVG_FUEL_PER_NM,Jet <90T,J,3.15,46153.89435,0,999999,0,739.9409866,4.880183863,1.159,,,,,,,,,,,5.1,,,,
SW2----,1419,SW2,Turbo Prop,REG AVG_FUEL_PER_NM,Turbo Prop,T,3.15,5889.888014,0,999999,0,93.73031741,1.055758635,1.159,,,,,,,,,,,5.1,,,,
SW3----,1912,SW3,Turbo Prop,ANCAT WITH NEW MODEL,ANCAT,T,3.15,5814.788447,0,999999,0,53.70124829,1.124551713,1.159,,,,,,,,,,,5.1,,,,
SW4----,433,SW4,Turbo Prop,REG AVG_FUEL_PER_NM,Turbo Prop,T,3.15,6905.726716,0,999999,0,99.67788367,1.140665274,1.159,,,,,,,,,,,5.1,,,,
T134----,436,T134,Jet <90T,REG AVG_FUEL_PER_NM,Jet <90T,J,3.15,48513.30084,0,999999,0,747.4959929,4.95701927,1.159,,,,,,,,,,,5.1,,,,
T154----,1423,T154,Heavy Jet,REG AVG_FUEL_PER_NM,Heavy Jet,J,3.15,100220.5132,0,999999,0,532.0112116,6.78555177,1.159,,,,,,,,,,,5.1,,,,
T160----,1916,T160,Heavy Jet,REG AVG_FUEL_PER_NM,Heavy Jet,J,3.15,276125,0,999999,0,1788.228985,15.1874656,1.159,,,,,,,,,,,5.1,,,,
T2----,931,T2,"Jet <43,3T",REG AVG_FUEL_PER_NM,"Jet <43,3T",J,3.15,6125,0,999999,0,250.7050842,0.950544389,1.159,,,,,,,,,,,5.1,,,,
T204----,1424,T204,Heavy Jet,REG AVG_FUEL_PER_NM,Heavy Jet,J,3.15,104666.5001,0,999999,0,563.7621229,6.997910189,1.159,,,,,,,,,,,5.1,,,,
T22M----,438,T22M,Heavy Jet,REG AVG_FUEL_PER_NM,Heavy Jet,J,3.15,123245,0,999999,0,696.4400451,7.88529492,1.159,,,,,,,,,,,5.1,,,,
T33----,439,T33,"Jet <43,3T",REG AVG_FUEL_PER_NM,"Jet <43,3T",J,3.15,6480,0,999999,0,255.1338323,0.982049113,1.159,,,,,,,,,,,5.1,,,,
T334----,933,T334,Jet <90T,REG AVG_FUEL_PER_NM,Jet <90T,J,3.15,46080,0,999999,0,739.7043711,4.877777451,1.159,,,,,,,,,,,5.1,,,,
T37----,934,T37,"Jet <43,3T",REG AVG_FUEL_PER_NM,"Jet <43,3T",J,3.15,33000,0,999999,0,585.9800226,3.335585139,1.159,,,,,,,,,,,5.1,,,,
TBM----,1925,TBM,"Jet <43,3T",REG AVG_FUEL_PER_NM,"Jet <43,3T",P,3.1,8000,0,999999,0,274.096359,1.11694258,1.159,,,,,,,,,,,5.1,,,,
TCAT----,1433,TCAT,"Jet <43,3T",REG AVG_FUEL_PER_NM,"Jet <43,3T",P,3.1,9680,0,999999,0,295.0549412,1.26603536,1.159,,,,,,,,,,,5.1,,,,
TIGR----,1436,TIGR,Turbo Prop,REG AVG_FUEL_PER_NM,Turbo Prop,T,3.15,6125,0,999999,0,95.10685889,1.075409952,1.159,,,,,,,,,,,5.1,,,,
TOR----,946,TOR,"Jet <43,3T",REG AVG_FUEL_PER_NM,"Jet <43,3T",J,3.15,21442.29108,0,999999,0,441.7935986,2.309888144,1.159,,,,,,,,,,,5.1,,,,
TPIN----,947,TPIN,"Jet <43,3T",REG AVG_FUEL_PER_NM,"Jet <43,3T",P,3.1,6480,0,999999,0,255.1338323,0.982049113,1.159,,,,,,,,,,,5.1,,,,
TU22----,951,TU22,Jet <90T,REG AVG_FUEL_PER_NM,Jet <90T,J,3.15,84500,0,999999,0,862.7282517,6.128946497,1.159,,,,,,,,,,,5.1,,,,
TU95----,1937,TU95,Turbo Prop,REG AVG_FUEL_PER_NM,Turbo Prop,T,3.15,184320,0,999999,0,1138.40888,15.96944631,1.159,,,,,,,,,,,5.1,,,,
U16----,953,U16,"Jet <43,3T",REG AVG_FUEL_PER_NM,"Jet <43,3T",P,3.1,14045,0,999999,0,349.5098289,1.653410351,1.159,,,,,,,,,,,5.1,,,,
U2----,1446,U2,"Jet <43,3T",REG AVG_FUEL_PER_NM,"Jet <43,3T",J,3.15,10125,0,999999,0,300.6064704,1.305527198,1.159,,,,,,,,,,,5.1,,,,
UH1----,1447,UH1,Turbo Prop,REG AVG_FUEL_PER_NM,Turbo Prop,T,3.15,7625.355946,0,999999,0,103.8911929,1.200813898,1.159,,,,,,,,,,,5.1,,,,
V10----,1451,V10,Turbo Prop,REG AVG_FUEL_PER_NM,Turbo Prop,T,3.15,5780,0,999999,0,93.0869414,1.046573888,1.159,,,,,,,,,,,5.1,,,,
V22----,1944,V22,Turbo Prop,REG AVG_FUEL_PER_NM,Turbo Prop,T,3.15,23805,0,999999,0,198.6203118,2.553153788,1.159,,,,,,,,,,,5.1,,,,
W3----,967,W3,Turbo Prop,REG AVG_FUEL_PER_NM,Turbo Prop,T,3.15,6480,0,999999,0,97.18532472,1.105081845,1.159,,,,,,,,,,,5.1,,,,
WB57----,1956,WB57,"Jet <43,3T",REG AVG_FUEL_PER_NM,"Jet <43,3T",J,3.15,28880,0,999999,0,534.5815948,2.969952846,1.159,,,,,,,,,,,5.1,,,,
WW24----,1469,WW24,"Jet <43,3T",REG AVG_FUEL_PER_NM,"Jet <43,3T",J,3.15,10580,0,999999,0,306.2827531,1.345906492,1.159,,,,,,,,,,,5.1,,,,
Y12----,979,Y12,Turbo Prop,REG AVG_FUEL_PER_NM,Turbo Prop,T,3.15,8405,0,999999,0,108.4558788,1.265978728,1.159,,,,,,,,,,,5.1,,,,
Y130----,1472,Y130,"Jet <43,3T",REG AVG_FUEL_PER_NM,"Jet <43,3T",J,3.15,6499.831664,0,999999,0,255.3812391,0.983809088,1.159,,,,,,,,,,,5.1,,,,
YK40----,1968,YK40,"Jet <43,3T",REG AVG_FUEL_PER_NM,"Jet <43,3T",J,3.15,16341.85209,0,999999,0,378.1638546,1.857246103,1.159,,,,,,,,,,,5.1,,,,
YK42----,489,YK42,Jet <90T,REG AVG_FUEL_PER_NM,Jet <90T,J,3.15,56625.15639,0,999999,0,773.4707964,5.221186438,1.159,,,,,,,,,,,5.1,,,,
YS11----,1970,YS11,Turbo Prop,REG AVG_FUEL_PER_NM,Turbo Prop,T,3.15,25205,0,999999,0,206.8170784,2.670169703,1.159,,,,,,,,,,,5.1,,,,
YURO----,491,YURO,"Jet <43,3T",REG AVG_FUEL_PER_NM,"Jet <43,3T",J,3.15,10125,0,999999,0,300.6064704,1.305527198,1.159,,,,,,,,,,,5.1,,,,
